system,scenario,rep,conversations,bytes_ab,bytes_ba,bytes_total,tls_bytes_total,t_first_syn,t_last_fin,duration_s,baseline_adjusted_bytes,notes
fmsg,m1p2,1,2,4809,4715,9524,7338,1786257627.508131,1786257627.536878,0.028747,,
fmsg,m1p2,2,2,4822,4716,9538,7340,1786257630.786206,1786257630.814737,0.028531,,
fmsg,m1p2,3,2,4822,4715,9537,7339,1786257634.081852,1786257634.113666,0.031814,,
fmsg,m1p2,4,2,4874,4782,9656,7338,1786257637.357206,1786257637.386005,0.028799,,
fmsg,m1p2,5,2,4833,4782,9615,7339,1786257640.641589,1786257640.672590,0.031001,,
fmsg,m2p2,1,4,9654,9689,19343,14707,1786257643.928498,1786257644.546737,0.618239,,
fmsg,m2p2,2,4,9534,9622,19156,14706,1786257647.782539,1786257648.393314,0.610775,,
fmsg,m2p2,3,4,9602,9624,19226,14710,1786257651.636757,1786257652.248237,0.611480,,
fmsg,m2p2,4,4,9667,9701,19368,14708,1786257655.493330,1786257656.114588,0.621258,,
fmsg,m2p2,5,4,9665,9711,19376,14704,1786257659.366672,1786257659.981611,0.614939,,
fmsg,m3p2,1,6,14520,14470,28990,22078,1786257663.222021,1786257664.413369,1.191348,,
fmsg,m3p2,2,6,14455,14362,28817,22079,1786257667.659425,1786257668.848174,1.188749,,
fmsg,m3p2,3,6,14532,14428,28960,22078,1786257672.093891,1786257673.282339,1.188448,,
fmsg,m3p2,4,6,14518,14404,28922,22076,1786257676.264481,1786257677.454767,1.190286,,
fmsg,m3p2,5,6,14509,14403,28912,22078,1786257680.718714,1786257681.907821,1.189107,,
fmsg,m4p2,1,8,19312,19335,38647,29447,1786257685.157362,1786257686.935277,1.777915,,
fmsg,m4p2,2,8,19276,19322,38598,29446,1786257690.189837,1786257691.949727,1.759890,,
fmsg,m4p2,3,8,19366,19334,38700,29446,1786257695.197974,1786257696.982591,1.784617,,
fmsg,m4p2,4,8,19352,19321,38673,29443,1786257700.228621,1786257701.989703,1.761082,,
fmsg,m4p2,5,8,19219,19201,38420,29442,1786257705.235121,1786257706.989988,1.754867,,
fmsg,m5p2,1,10,24085,24113,48198,36812,1786257710.255394,1786257712.598599,2.343205,,
fmsg,m5p2,2,10,24072,24160,48232,36816,1786257715.850394,1786257718.186968,2.336574,,
fmsg,m5p2,3,10,24139,24104,48243,36815,1786257721.438805,1786257723.765863,2.327058,,
fmsg,m5p2,4,10,24205,24049,48254,36814,1786257727.021335,1786257729.354125,2.332790,,
fmsg,m5p2,5,10,24272,24037,48309,36815,1786257732.599568,1786257734.948040,2.348472,,
fmsg,m1p2a10k,1,2,15384,4978,20362,17690,1786257738.217635,1786257738.251592,0.033957,,
fmsg,m1p2a10k,2,2,15371,4847,20218,17690,1786257741.533244,1786257741.562574,0.029330,,
fmsg,m1p2a10k,3,2,15427,4913,20340,17692,1786257744.839115,1786257744.865716,0.026601,,
fmsg,m1p2a10k,4,2,15384,4978,20362,17690,1786257748.146592,1786257748.178591,0.031999,,
fmsg,m1p2a10k,5,2,15425,4913,20338,17690,1786257751.447235,1786257751.475362,0.028127,,
fmsg,m1p2a1m,1,2,1058678,6696,1065374,1057500,1786257754.761712,1786257754.793771,0.032059,,whatsapp: sent as document to avoid transcoding
fmsg,m1p2a1m,2,2,1057028,5903,1062931,1057499,1786257758.066098,1786257758.097663,0.031565,,whatsapp: sent as document to avoid transcoding
fmsg,m1p2a1m,3,2,1057029,5902,1062931,1057499,1786257761.378947,1786257761.408183,0.029236,,whatsapp: sent as document to avoid transcoding
fmsg,m1p2a1m,4,2,1059406,6761,1066167,1057501,1786257764.681284,1786257764.712706,0.031422,,whatsapp: sent as document to avoid transcoding
fmsg,m1p2a1m,5,2,1058295,6431,1064726,1057500,1786257767.990782,1786257768.027594,0.036812,,whatsapp: sent as document to avoid transcoding
fmsg,m1p5,1,2,4876,4850,9726,7396,1786257771.316137,1786257771.370433,0.054296,,whatsapp: group of 5 (nearest equivalent)
fmsg,m1p5,2,2,4929,4850,9779,7395,1786257774.636265,1786257774.691674,0.055409,,whatsapp: group of 5 (nearest equivalent)
fmsg,m1p5,3,2,4876,4785,9661,7397,1786257777.957823,1786257778.012479,0.054656,,whatsapp: group of 5 (nearest equivalent)
fmsg,m1p5,4,2,4943,4851,9794,7398,1786257781.273577,1786257781.330595,0.057018,,whatsapp: group of 5 (nearest equivalent)
fmsg,m1p5,5,2,4941,4916,9857,7395,1786257784.607221,1786257784.667596,0.060375,,whatsapp: group of 5 (nearest equivalent)
fmsg,m1p5a10k,1,2,15438,4916,20354,17748,1786257787.954576,1786257788.014622,0.060046,,
fmsg,m1p5a10k,2,2,15427,4916,20343,17749,1786257791.276831,1786257791.335833,0.059002,,
fmsg,m1p5a10k,3,2,15426,4850,20276,17748,1786257794.606025,1786257794.660805,0.054780,,
fmsg,m1p5a10k,4,2,15426,4916,20342,17748,1786257797.928876,1786257797.986853,0.057977,,
fmsg,m1p5a10k,5,2,15439,4981,20420,17748,1786257801.262045,1786257801.325596,0.063551,,
fmsg,m1p5a1m,1,2,1057139,5905,1063044,1057558,1786257804.595079,1786257804.656341,0.061262,,
fmsg,m1p5a1m,2,2,1057589,6038,1063627,1057559,1786257807.972925,1786257808.048952,0.076027,,
fmsg,m1p5a1m,3,2,1057019,5445,1062464,1057560,1786257811.303674,1786257811.361999,0.058325,,
fmsg,m1p5a1m,4,2,1057204,5906,1063110,1057558,1786257814.640485,1786257814.698989,0.058504,,
fmsg,m1p5a1m,5,2,1057072,5906,1062978,1057558,1786257817.970410,1786257818.028762,0.058352,,
fmsg,m5p4,1,10,24140,24237,48377,37003,1786257821.284464,1786257823.781692,2.497228,,whatsapp: only 2 automatable senders in group of 4
fmsg,m5p4,2,10,24090,24224,48314,37006,1786257827.062349,1786257829.541857,2.479508,,whatsapp: only 2 automatable senders in group of 4
fmsg,m5p4,3,10,24154,24367,48521,37003,1786257832.837813,1786257835.325591,2.487778,,whatsapp: only 2 automatable senders in group of 4
fmsg,m5p4,4,10,24141,24225,48366,37004,1786257838.620731,1786257841.120378,2.499647,,whatsapp: only 2 automatable senders in group of 4
fmsg,m5p4,5,10,24086,24288,48374,37000,1786257844.414439,1786257846.894912,2.480473,,whatsapp: only 2 automatable senders in group of 4
fmsg,m1p2-fwd,1,4,9561,9564,19125,14609,1786257850.167563,1786257850.771725,0.604162,,fmsg add-to / email forward / whatsapp forward
fmsg,m1p2-fwd,2,4,9561,9497,19058,14608,1786257854.014823,1786257854.614140,0.599317,,fmsg add-to / email forward / whatsapp forward
fmsg,m1p2-fwd,3,4,9613,9497,19110,14606,1786257857.862957,1786257858.466122,0.603165,,fmsg add-to / email forward / whatsapp forward
fmsg,m1p2-fwd,4,4,9692,9497,19189,14607,1786257861.721287,1786257862.335889,0.614602,,fmsg add-to / email forward / whatsapp forward
fmsg,m1p2-fwd,5,4,9573,9628,19201,14607,1786257865.577797,1786257866.183753,0.605956,,fmsg add-to / email forward / whatsapp forward
fmsg,m1p2a1m-fwd,1,4,1061814,10553,1072367,1064815,1786258220.918588,1786258221.527588,0.609000,,
fmsg,m1p2a1m-fwd,2,4,1062012,10553,1072565,1064815,1786258224.799855,1786258225.416401,0.616546,,
fmsg,m1p2a1m-fwd,3,4,1061826,10619,1072445,1064815,1786258228.687987,1786258229.300578,0.612591,,
fmsg,m1p2a1m-fwd,4,4,1061682,10552,1072234,1064814,1786258232.576762,1786258233.181791,0.605029,,
fmsg,m1p2a1m-fwd,5,4,1061947,10619,1072566,1064816,1786258236.462420,1786258237.075152,0.612732,,
fmsg,m3p2-br,1,6,14393,14661,29054,22076,1786258240.328642,1786258241.545907,1.217265,,"whatsapp: quoted replies, flat thread semantics"
fmsg,m3p2-br,2,6,14380,14354,28734,22074,1786258244.789631,1786258246.025633,1.236002,,"whatsapp: quoted replies, flat thread semantics"
fmsg,m3p2-br,3,6,14316,14419,28735,22075,1786258249.279760,1786258250.494147,1.214387,,"whatsapp: quoted replies, flat thread semantics"
fmsg,m3p2-br,4,6,14436,14541,28977,22077,1786258253.754923,1786258254.970083,1.215160,,"whatsapp: quoted replies, flat thread semantics"
fmsg,m3p2-br,5,6,14448,14552,29000,22076,1786258258.217196,1786258259.437883,1.220687,,"whatsapp: quoted replies, flat thread semantics"
email,m1p2,1,1,3500,9521,13021,10323,1786262193.579578,1786262195.017176,1.437598,,
email,m1p2,2,1,3447,9455,12902,10324,1786262222.656893,1786262223.495502,0.838609,,
email,m1p2,3,1,3373,9455,12828,10324,1786262258.966777,1786262259.757043,0.790266,,
email,m1p2,4,1,3446,9455,12901,10323,1786262294.281620,1786262295.682141,1.400521,,
email,m1p2,5,1,3446,9455,12901,10323,1786262323.497582,1786262324.880252,1.382670,,
email,m2p2,1,3,11063,17265,28328,22166,1786262358.553860,1786262388.391680,29.837820,,
email,m2p2,2,2,10923,16851,27774,22090,1786262410.768386,1786262433.581294,22.812908,,
email,m2p2,3,2,10792,17119,27911,22095,1786262455.748143,1786262484.342399,28.594256,,
email,m2p2,4,2,10924,16864,27788,22104,1786262513.943638,1786262537.261373,23.317735,,
email,m2p2,5,2,10714,16919,27633,22093,1786262566.402533,1786262587.424869,21.022336,,
email,m3p2,1,3,14748,26397,41145,33081,1786262609.310833,1786262635.514996,26.204163,,
email,m3p2,2,3,15064,26371,41435,33053,1786262668.233522,1786262695.395995,27.162473,,
email,m3p2,3,3,14745,26373,41118,33054,1786262722.687267,1786262746.345761,23.658494,,
email,m3p2,4,3,14880,26639,41519,33059,1786262776.011127,1786262805.435197,29.424070,,
email,m3p2,5,3,14800,26313,41113,33055,1786262832.097182,1786262854.194519,22.097337,,
email,m4p2,1,4,22674,34612,57286,45336,1786262883.849600,1786262926.313459,42.463859,,
email,m4p2,2,4,22421,34222,56643,45335,1786262946.607248,1786262986.419006,39.811758,,
email,m4p2,3,4,22794,34703,57497,45361,1786263004.658440,1786263047.353439,42.694999,,
email,m4p2,4,4,22398,34554,56952,45338,1786263064.542121,1786263105.376534,40.834413,,
email,m4p2,5,4,22355,34499,56854,45348,1786263125.304120,1786263165.411455,40.107335,,
email,m5p2,1,5,26767,44017,70784,56844,1786263182.868944,1786263229.258892,46.389948,,
email,m5p2,2,5,26846,44002,70848,56836,1786263257.456245,1786263302.267465,44.811220,,
email,m5p2,3,5,27483,44272,71755,56837,1786263329.884655,1786263381.173828,51.289173,,
email,m5p2,4,5,26897,44000,70897,56831,1786263413.362060,1786263458.695427,45.333367,,
email,m5p2,5,5,26767,44004,70771,56837,1786263486.803754,1786263532.475736,45.671982,,
email,m1p2a10k,1,1,18312,10049,28361,24727,1786263563.310847,1786263564.182611,0.871764,,
email,m1p2a10k,2,1,18312,10049,28361,24727,1786263590.783575,1786263591.684132,0.900557,,
email,m1p2a10k,3,1,18313,10049,28362,24728,1786263617.189577,1786263618.096804,0.907227,,
email,m1p2a10k,4,1,18444,10115,28559,24727,1786263645.184237,1786263647.915335,2.731098,,
email,m1p2a10k,5,1,18367,10115,28482,24728,1786263677.920566,1786263679.338889,1.418323,,
email,m1p2a1m,1,1,1460315,49187,1509502,1451022,1786263710.335051,1786263711.588401,1.253350,,whatsapp: sent as document to avoid transcoding
email,m1p2a1m,2,1,1460248,52073,1512321,1451021,1786263749.931451,1786263751.198053,1.266602,,whatsapp: sent as document to avoid transcoding
email,m1p2a1m,3,1,1463945,47429,1511374,1451022,1786263787.052434,1786263788.316095,1.263661,,whatsapp: sent as document to avoid transcoding
email,m1p2a1m,4,1,1463197,48983,1512180,1453916,1786263825.484766,1786263826.719203,1.234437,,whatsapp: sent as document to avoid transcoding
email,m1p2a1m,5,1,1464472,46745,1511217,1451021,1786263862.993898,1786263864.260270,1.266372,,whatsapp: sent as document to avoid transcoding
email,m1p5,1,1,3832,9833,13665,10757,1786263902.058723,1786263902.937960,0.879237,,whatsapp: group of 5 (nearest equivalent)
email,m1p5,2,1,4032,10097,14129,10759,1786263941.433883,1786263947.756966,6.323083,,whatsapp: group of 5 (nearest equivalent)
email,m1p5,3,1,3835,9833,13668,10760,1786263977.546180,1786263978.935078,1.388898,,whatsapp: group of 5 (nearest equivalent)
email,m1p5,4,1,4033,10097,14130,10760,1786264004.773644,1786264007.843721,3.070077,,whatsapp: group of 5 (nearest equivalent)
email,m1p5,5,1,3889,9899,13788,10760,1786264040.199928,1786264041.026158,0.826230,,whatsapp: group of 5 (nearest equivalent)
email,m1p5a10k,1,1,18701,10427,29128,25164,1786264070.936825,1786264071.831713,0.894888,,
email,m1p5a10k,2,1,18701,10427,29128,25164,1786264098.956088,1786264099.836939,0.880851,,
email,m1p5a10k,3,1,18951,10823,29774,25162,1786264127.932678,1786264131.034905,3.102227,,
email,m1p5a10k,4,1,18755,10295,29050,25164,1786264163.442262,1786264164.326823,0.884561,,
email,m1p5a10k,5,1,18701,10361,29062,25164,1786264192.148545,1786264192.998598,0.850053,,
email,m1p5a1m,1,1,1460702,55241,1515943,1451457,1786264219.310169,1786264220.575789,1.265620,,
email,m1p5a1m,2,1,1459569,51845,1511414,1451458,1786264258.002989,1786264261.595518,3.592529,,
email,m1p5a1m,3,1,1460306,52601,1512907,1451457,1786264301.425008,1786264303.229285,1.804277,,
email,m1p5a1m,4,1,1464662,55145,1519807,1451457,1786264354.010108,1786264355.823452,1.813344,,
email,m1p5a1m,5,1,1465256,54353,1519609,1451457,1786264394.982051,1786264396.250834,1.268783,,
email,m5p4,1,5,30404,42989,73393,58667,1786264432.181548,1786264471.996123,39.814575,,whatsapp: only 2 automatable senders in group of 4
email,m5p4,2,5,30536,42718,73254,58660,1786264488.499220,1786264532.137423,43.638203,,whatsapp: only 2 automatable senders in group of 4
email,m5p4,3,5,30353,42671,73024,58682,1786264549.949675,1786264591.784048,41.834373,,whatsapp: only 2 automatable senders in group of 4
email,m5p4,4,5,30419,42937,73356,58684,1786264610.208161,1786264662.495792,52.287631,,whatsapp: only 2 automatable senders in group of 4
email,m5p4,5,5,30086,42617,72703,58685,1786264681.108927,1786264721.024092,39.915165,,whatsapp: only 2 automatable senders in group of 4
email,m1p2-fwd,1,2,7070,18980,26050,20774,1786264739.117477,1786264752.600029,13.482552,,fmsg add-to / email forward / whatsapp forward
email,m1p2-fwd,2,2,7070,18980,26050,20774,1786264779.421432,1786264792.094766,12.673334,,fmsg add-to / email forward / whatsapp forward
email,m1p2-fwd,3,2,7149,19244,26393,20775,1786264819.965168,1786264837.311691,17.346523,,fmsg add-to / email forward / whatsapp forward
email,m1p2-fwd,4,2,7149,19178,26327,20775,1786264864.842050,1786264879.544787,14.702737,,fmsg add-to / email forward / whatsapp forward
email,m1p2-fwd,5,2,7123,19046,26169,20773,1786264909.745751,1786264922.858979,13.113228,,fmsg add-to / email forward / whatsapp forward
email,m1p2a1m-fwd,1,2,2922256,111968,3034224,2903620,1786264955.165560,1786264980.798269,25.632709,,
email,m1p2a1m-fwd,2,2,2925112,96212,3021324,2902174,1786265018.673371,1786265046.159472,27.486101,,
email,m1p2a1m-fwd,3,2,2919292,102492,3021784,2902174,1786265087.050951,1786265120.335230,33.284279,,
email,m1p2a1m-fwd,4,2,2925375,95606,3020981,2902173,1786265160.718558,1786265186.118164,25.399606,,
email,m1p2a1m-fwd,5,2,2924882,105218,3030100,2905070,1786265225.549457,1786265254.336370,28.786913,,
email,m3p2-br,1,3,18668,24537,43205,33881,1786265291.896789,1786265328.011059,36.114270,,"whatsapp: quoted replies, flat thread semantics"
email,m3p2-br,2,3,17876,24257,42133,33871,1786265345.654550,1786265375.046434,29.391884,,"whatsapp: quoted replies, flat thread semantics"
email,m3p2-br,3,3,18140,24260,42400,33874,1786265394.175283,1786265421.906153,27.730870,,"whatsapp: quoted replies, flat thread semantics"
email,m3p2-br,4,3,18338,24208,42546,33882,1786265440.341603,1786265471.935369,31.593766,,"whatsapp: quoted replies, flat thread semantics"
email,m3p2-br,5,3,18193,24330,42523,33877,1786265491.110588,1786265518.292663,27.182075,,"whatsapp: quoted replies, flat thread semantics"
fmsg,m10p2,1,20,48420,48103,96523,73655,1786265567.490598,1786265572.717043,5.226445,,per-message growth analysis
fmsg,m10p2,2,20,47994,48200,96194,73656,1786265575.963417,1786265581.166748,5.203331,,per-message growth analysis
fmsg,m10p2,3,20,48138,48333,96471,73657,1786265584.412093,1786265589.627484,5.215391,,per-message growth analysis
fmsg,m10p2,4,20,48041,48213,96254,73662,1786265592.870237,1786265598.072581,5.202344,,per-message growth analysis
fmsg,m10p2,5,20,48288,48160,96448,73658,1786265601.338149,1786265606.643712,5.305563,,per-message growth analysis
fmsg,m20p2,1,40,96638,96402,193040,147358,1786265609.888185,1786265620.604940,10.716755,,per-message growth analysis
fmsg,m20p2,2,40,96213,96704,192917,147349,1786265623.854402,1786265634.559931,10.705529,,per-message growth analysis
fmsg,m20p2,3,40,96318,96069,192387,147353,1786265637.784709,1786265648.747272,10.962563,,per-message growth analysis
fmsg,m20p2,4,40,96687,96465,193152,147344,1786265652.007722,1786265662.746062,10.738340,,per-message growth analysis
fmsg,m20p2,5,40,96614,96443,193057,147357,1786265666.006591,1786265676.993152,10.986561,,per-message growth analysis
email,m10p2,1,10,60428,90260,150688,121806,1786265701.285143,1786265800.081938,98.796795,,per-message growth analysis
email,m10p2,2,10,60209,90286,150495,121811,1786265818.856463,1786265925.044210,106.187747,,per-message growth analysis
email,m10p2,3,10,60941,90145,151086,121802,1786265944.864512,1786266046.609649,101.745137,,per-message growth analysis
email,m10p2,4,10,60396,90615,151011,121817,1786266065.721055,1786266168.943910,103.222855,,per-message growth analysis
email,m10p2,5,10,60791,90539,151330,121800,1786266186.619389,1786266297.368390,110.749001,,per-message growth analysis
whatsapp,m1p2,1,1,3480,1086,4566,3486,1786269659.252039,1786269661.204714,1.952675,4117,
whatsapp,m1p2,2,1,3534,1248,4782,3486,1786269669.027124,1786269670.381180,1.354056,4471,
whatsapp,m1p2,3,1,3426,1032,4458,3486,1786269678.801443,1786269680.042250,1.240807,4173,
whatsapp,m1p2,4,1,3626,1356,4982,3470,1786269688.573839,1786269691.424763,2.850924,4327,
whatsapp,m1p2,5,2,3604,1248,4852,3502,1786269698.349890,1786269700.045254,1.695364,4462,
whatsapp,m2p2,1,1,3433,1274,4707,3519,1786269708.123891,1786269711.224775,3.100884,3994,
whatsapp,m2p2,2,1,4131,2307,6438,4386,1786269717.940045,1786269722.173982,4.233937,5465,
whatsapp,m2p2,3,1,3997,2062,6059,4223,1786269728.226434,1786269732.404334,4.177900,5099,
whatsapp,m2p2,4,1,3992,1774,5766,3984,1786269738.460083,1786269742.341881,3.881798,4874,
whatsapp,m2p2,5,1,3991,2253,6244,4354,1786269748.867949,1786269753.123533,4.255584,5266,
whatsapp,m3p2,1,2,12612,4725,17337,13773,1786269759.178203,1786269765.075628,5.897425,15982,
whatsapp,m3p2,2,2,17854,1104,18958,17224,1786269771.543386,1786269778.778188,7.234802,17295,
whatsapp,m3p2,3,3,11894,4688,16582,13066,1786269785.513063,1786269791.453495,5.940432,15217,
whatsapp,m3p2,4,2,11715,3246,14961,11793,1786269797.956739,1786269803.797385,5.840646,13619,
whatsapp,m3p2,5,2,10391,4562,14953,11551,1786269810.878661,1786269816.321506,5.442845,13702,
whatsapp,m4p2,1,2,11974,5407,17381,13673,1786269823.317495,1786269829.368203,6.050708,15990,
whatsapp,m4p2,2,2,14650,5214,19864,16132,1786269835.688390,1786269842.013726,6.325336,18410,
whatsapp,m4p2,3,2,12605,4677,17282,13688,1786269848.240128,1786269854.582562,6.342434,15824,
whatsapp,m4p2,4,2,14967,5705,20672,16448,1786269860.680940,1786269867.048931,6.367991,19208,
whatsapp,m4p2,5,2,10517,5003,15520,12106,1786269873.124667,1786269879.290616,6.165949,14103,
whatsapp,m5p2,1,2,19445,6575,26020,20968,1786269885.679395,1786269892.521267,6.841872,24447,
whatsapp,m5p2,2,2,18509,9209,27718,22240,1786269900.693549,1786269907.595141,6.901592,26132,
whatsapp,m5p2,3,2,18567,9176,27743,22133,1786269915.186887,1786269922.378340,7.191453,26090,
email,m20p2,1,20,129828,187350,317178,258304,1786269795.992629,1786269925.015454,129.022825,,per-message growth analysis
whatsapp,m5p2,4,2,15943,6761,22704,17532,1786269930.631516,1786269937.385975,6.754459,21152,
whatsapp,m5p2,5,2,16001,6740,22741,17389,1786269945.623190,1786269952.250460,6.627270,21218,
whatsapp,m1p5,1,2,3681,1507,5188,3622,1786270059.250809,1786270061.984636,2.733827,4560,whatsapp: group of 5 (nearest equivalent)
whatsapp,m1p5,2,1,1129,977,2106,1134,1786270069.491443,1786270070.687006,1.195563,1831,whatsapp: group of 5 (nearest equivalent)
whatsapp,m1p5,3,1,1183,1139,2322,1134,1786270079.270877,1786270080.917708,1.646831,1943,whatsapp: group of 5 (nearest equivalent)
whatsapp,m1p5,4,1,964,880,1844,926,1786270089.049002,1786270091.651706,2.602704,1246,whatsapp: group of 5 (nearest equivalent)
whatsapp,m1p5,5,1,980,880,1860,942,1786270098.833639,1786270100.805450,1.971811,1407,whatsapp: group of 5 (nearest equivalent)
email,m20p2,2,20,136882,197227,334109,274413,1786269943.194777,1786270173.279475,230.084698,,per-message growth analysis
email,m20p2,3,20,123913,181109,305022,246580,1786270191.679723,1786270314.269407,122.589684,,per-message growth analysis
whatsapp,m3p2-br,1,2,12950,22043,34993,30445,1786270394.316424,1786270404.468702,10.152278,32660,"whatsapp: quoted replies, flat thread semantics"
whatsapp,m3p2-br,2,2,8437,4393,12830,10142,1786270411.348299,1786270418.178516,6.830217,11260,"whatsapp: quoted replies, flat thread semantics"
whatsapp,m3p2-br,3,2,12030,4597,16627,13645,1786270425.700213,1786270433.990127,8.289914,14722,"whatsapp: quoted replies, flat thread semantics"
whatsapp,m3p2-br,4,2,8115,4275,12390,9852,1786270439.895001,1786270446.148822,6.253821,10953,"whatsapp: quoted replies, flat thread semantics"
whatsapp,m3p2-br,5,3,8267,5649,13916,10826,1786270453.982370,1786270460.801481,6.819111,12349,"whatsapp: quoted replies, flat thread semantics"
email,m20p2,4,20,137317,197416,334733,274485,1786270332.486291,1786270554.024204,221.537913,,per-message growth analysis
whatsapp,m5p4,1,4,235603,15166,250769,241549,1786270697.481097,1786270712.905813,15.424716,247224,whatsapp: only 2 automatable senders in group of 4
whatsapp,m5p4,2,3,247039,8473,255512,249422,1786270719.442877,1786270734.184775,14.741898,252124,whatsapp: only 2 automatable senders in group of 4
whatsapp,m5p4,3,5,209441,9399,218840,211112,1786270740.647285,1786270756.023418,15.376133,215306,whatsapp: only 2 automatable senders in group of 4
whatsapp,m5p4,4,3,7139,6074,13213,9253,1786270762.004339,1786270772.750443,10.746104,10743,whatsapp: only 2 automatable senders in group of 4
email,m20p2,5,20,136857,196897,333754,274412,1786270571.717797,1786270775.237998,203.520201,,per-message growth analysis
whatsapp,m5p4,5,4,16063,13836,29899,24229,1786270781.855113,1786270796.193938,14.338825,26603,whatsapp: only 2 automatable senders in group of 4
whatsapp,m10p2,1,5,43642,22715,66357,53169,1786270811.625077,1786270824.592320,12.967243,63377,per-message growth analysis
whatsapp,m10p2,2,4,42126,21355,63481,51565,1786270851.300116,1786270877.192531,25.892415,57530,per-message growth analysis
whatsapp,m10p2,3,3,51132,25008,76140,62592,1786270883.871389,1786270908.042326,24.170937,70585,per-message growth analysis
whatsapp,m10p2,4,4,47347,28161,75508,61648,1786270928.233664,1786270960.041708,31.808044,68197,per-message growth analysis
whatsapp,m10p2,5,3,52009,24392,76401,62877,1786270966.605511,1786271020.139606,53.534095,64097,per-message growth analysis
whatsapp,m20p2,1,3,80426,40579,121005,95211,1786271027.521220,1786271092.076371,64.555151,106168,per-message growth analysis
whatsapp,m20p2,2,3,89487,42945,132432,107844,1786271099.787470,1786271163.437688,63.650218,117803,per-message growth analysis
whatsapp,m20p2,3,3,102324,43728,146052,120534,1786271170.240434,1786271243.625205,73.384771,129185,per-message growth analysis
whatsapp,m20p2,4,3,88699,45712,134411,108725,1786271250.640630,1786271307.234289,56.593659,121404,per-message growth analysis
whatsapp,m20p2,5,3,83996,39162,123158,98210,1786271314.259912,1786271374.687119,60.427207,109269,per-message growth analysis
whatsapp,m1p2a10k,1,4,30841,12512,43353,39711,1786271525.809948,1786271531.195483,5.385535,42115,
whatsapp,m1p2a10k,2,6,21862,3492,25354,22774,1786271537.821799,1786271543.022170,5.200371,24159,
whatsapp,m1p2a10k,3,6,23389,3743,27132,24240,1786271549.212868,1786271554.466672,5.253804,25924,
whatsapp,m1p2a10k,4,3,21849,3601,25450,22936,1786271560.635598,1786271565.574354,4.938756,24315,
whatsapp,m1p2a10k,5,3,23125,3723,26848,24250,1786271571.870973,1786271577.042390,5.171417,25659,
whatsapp,m1p2a1m,1,5,1132841,20304,1153145,1109051,1786271583.289441,1786271590.647818,7.358377,1151454,whatsapp: sent as document to avoid transcoding
whatsapp,m1p2a1m,2,5,1125669,12662,1138331,1095449,1786271597.172004,1786271604.501413,7.329409,1136646,whatsapp: sent as document to avoid transcoding
whatsapp,m1p2a1m,3,4,1123339,10718,1134057,1091895,1786271610.565609,1786271617.088120,6.522511,1132558,whatsapp: sent as document to avoid transcoding
whatsapp,m1p2a1m,4,6,1130762,14295,1145057,1101437,1786271623.598210,1786271629.917349,6.319139,1143605,whatsapp: sent as document to avoid transcoding
whatsapp,m1p2a1m,5,7,1124354,11150,1135504,1092934,1786271636.345856,1786271642.637314,6.291458,1134058,whatsapp: sent as document to avoid transcoding
whatsapp,m1p5a10k,1,6,15967,3805,19772,17000,1786271649.128634,1786271654.357312,5.228678,18570,
whatsapp,m1p5a10k,2,6,328,25037,25365,21819,1786271660.358829,1786271660.440629,0.081800,25346,
whatsapp,m1p5a10k,3,3,19537,3668,23205,20517,1786271671.950985,1786271677.307196,5.356211,21974,
whatsapp,m1p5a10k,4,5,15965,3695,19660,16930,1786271683.611691,1786271688.788470,5.176779,18470,
whatsapp,m1p5a10k,5,3,21441,6774,28215,24747,1786271694.937415,1786271701.332768,6.395353,26745,
whatsapp,m1p5a1m,1,5,1120179,13598,1133777,1090775,1786271707.579552,1786271708.536072,0.956520,1133557,
whatsapp,m1p5a1m,2,4,1133863,22046,1155909,1109235,1786271719.930389,1786271738.901276,18.970887,1151549,
whatsapp,m1p5a1m,3,6,1118489,12170,1130659,1087705,1786271745.261594,1786271750.037773,4.776179,1129561,
whatsapp,m1p5a1m,4,6,1120341,12335,1132676,1090028,1786271758.143484,1786271764.038365,5.894881,1131321,
whatsapp,m1p5a1m,5,4,1122536,15537,1138073,1094585,1786271770.945576,1786271778.028698,7.083122,1136445,
